Id,Label,timeset,cip_category,total_deflated_dollar_2010,citations,y_05,cd,pageranks
1,,,Biology,NA,2521,2000,1,0.000336
12,,,Medical,NA,660,2005,1,0.000336
107,,,Medical,NA,477,2005,1,0.000336
2,,,Biology,5623518,22511,1980,1,0.000336
396,,,Technology,17863553,45716,1985,1,0.000336
186,,,Medical,NA,11167,1985,1,0.000336
389,,,Medical,617169,29546,1985,1,0.00457
238,,,Technology,33703490,19711,1990,1,0.000336
1398,,,Biology,11503502,27931,1985,1,0.000336
1234,,,Technology,12827585,22029,1975,1,0.000336
671,,,Medical,NA,3227,1995,1,0.000336
1244,,,Biology,NA,4900,1990,1,0.001347
512,,,Biology,326863,3248,1990,1,0.000336
363,,,Medical,3570220,42575,1980,1,0.002318
398,,,Biology,12046628,28751,1985,1,0.000336
364,,,Technology,2558699,35084,1985,1,0.000336
146,,,Biology,192427,14607,1980,1,0.001347
393,,,Medical,3804148,31201,1985,1,0.000336
655,,,Medical,NA,2150,2000,1,0.000336
1302,,,Technology,1101868,11035,1990,1,0.000336
3,,,Biology,NA,687,2005,0,0.000336
193,,,Biology,NA,1867,1995,1,0.001879
746,,,Biology,NA,2592,2000,1,0.000984
4,,,Technology,NA,4598,2000,1,0.000336
1008,,,Biology,NA,16272,2000,1,0.000336
475,,,Medical,NA,578,2000,1,0.000336
377,,,Biology,329676,5553,2005,1,0.000336
1314,,,Biology,NA,12271,1990,1,0.000336
270,,,Biology,NA,727,2005,1,0.000336
5,,,Medical,NA,311,2005,1,0.000336
941,,,Medical,74992,7873,1985,1,0.000336
1031,,,Medical,NA,3301,1995,0,0.000336
645,,,Medical,NA,3314,2000,1,0.000336
212,,,Biology,NA,1088,2005,1,0.000336
1219,,,Biology,NA,3929,2000,1,0.000336
6,,,Biology,NA,2521,2000,1,0.000336
950,,,Biology,NA,2355,2005,0,0.000336
908,,,Biology,NA,16735,1995,1,0.000336
177,,,Biology,NA,1008,2005,1,0.000336
67,,,Biology,NA,11749,2000,1,0.000336
425,,,Medical,NA,1659,1995,1,0.000336
726,,,Biology,NA,5610,1995,0,0.000336
7,,,Medical,NA,2866,1995,0,0.000336
1121,,,Medical,NA,10283,1985,0,0.000336
898,,,Medical,NA,3041,1985,0,0.000336
1264,,,Medical,NA,4003,1985,1,0.000336
8,,,Medical,NA,1613,2000,0,0.000336
274,,,Medical,NA,6078,1980,1,0.000336
71,,,Medical,NA,662,2000,0,0.000336
977,,,Medical,NA,1857,1980,0,0.000336
862,,,Medical,NA,1678,2000,0,0.000336
9,,,Medical,NA,1964,2005,1,0.000336
309,,,Medical,6172692,14403,1990,1,0.000336
830,,,Biology,NA,5427,1990,1,0.000336
1002,,,Biology,59106,4709,2000,1,0.000336
10,,,Technology,NA,7518,2000,1,0.000336
406,,,Biology,NA,385,2010,1,0.000336
11,,,Medical,153126,4078,1985,1,0.000336
371,,,Medical,8163934,48685,1985,1,0.002241
386,,,Technology,9357241,23849,1985,1,0.000336
551,,,Medical,NA,313,2005,0,0.000336
13,,,Biology,NA,1382,1995,1,0.001086
970,,,Biology,NA,2587,1995,1,0.001734
809,,,Biology,NA,5959,1985,1,0.001086
1327,,,Medical,NA,5174,1995,1,0.001848
1150,,,Biology,NA,2339,1995,1,0.001086
538,,,Biology,NA,3481,1995,1,0.001086
1027,,,Biology,NA,15110,1990,1,0.001086
356,,,Biology,NA,1188,2005,1,0.001086
962,,,Biology,NA,5002,1990,1,0.002694
139,,,Medical,NA,1234,2005,1,0.000336
345,,,Medical,NA,744,2010,1,0.001086
1388,,,Medical,NA,1125,1995,1,0.000336
738,,,Medical,NA,1230,2005,1,0.000336
457,,,Medical,499676,828,2005,1,0.000336
664,,,Biology,NA,494,1995,1,0.000336
814,,,Biology,414558,5194,1990,1,0.001086
497,,,Medical,NA,675,2005,1,0.001086
355,,,Biology,NA,1060,2000,1,0.001086
1001,,,Biology,NA,2598,1985,1,0.001086
542,,,Medical,NA,6738,1980,1,0.001086
318,,,Medical,NA,2524,1975,1,0.001086
421,,,Biology,NA,701,2000,1,0.001086
297,,,Biology,NA,2977,1980,1,0.002496
869,,,Medical,NA,12868,1995,1,0.001086
14,,,Biology,NA,1571,1995,0,0.000336
794,,,Biology,NA,3936,1995,0,0.000336
916,,,Biology,NA,10030,1990,1,0.000336
15,,,Technology,NA,1032,1995,1,0.000336
1224,,,Technology,NA,1918,1990,1,0.000336
990,,,Biology,NA,27723,1985,1,0.001212
595,,,Biology,127118,2320,2005,1,0.000336
16,,,Biology,NA,5564,2000,1,0.000336
287,,,Biology,NA,48094,1975,1,0.000336
904,,,Medical,NA,21821,1990,1,0.000336
673,,,Technology,NA,393,2010,1,0.000336
92,,,Biology,NA,851,2005,0,0.000336
954,,,Biology,NA,15096,1980,1,0.000336
17,,,Biology,NA,700,2005,1,0.000336
1099,,,Biology,NA,5652,1970,1,0.00101
1061,,,Biology,NA,1063,1995,0,0.000336
634,,,Biology,NA,2930,2000,1,0.000336
1023,,,Technology,NA,1583,1995,1,0.001469
18,,,Medical,NA,3107,2000,1,0.000336
388,,,Medical,NA,7887,2000,1,0.000336
666,,,Medical,NA,5422,1990,1,0.000336
1350,,,Biology,NA,7288,2000,1,0.000336
20,,,Biology,NA,7110,1990,1,0.000336
1181,,,Biology,NA,7046,2000,1,0.000336
347,,,Biology,NA,9351,1990,1,0.000336
1013,,,Biology,NA,7931,1985,1,0.000336
429,,,Biology,126420,11901,2000,1,0.000336
982,,,Biology,NA,4691,1990,1,0.001213
648,,,Medical,NA,981,2005,1,0.000336
1194,,,Biology,NA,5904,1995,1,0.000336
261,,,Medical,NA,6010,1995,1,0.00101
1094,,,Biology,NA,5680,2000,1,0.000336
470,,,Medical,NA,7073,1985,1,0.000336
1021,,,Biology,NA,874,2000,1,0.000336
739,,,Medical,NA,2531,2000,1,0.000336
19,,,Technology,NA,3664,1985,1,0.000336
135,,,Technology,NA,737,2005,1,0.000336
523,,,Biology,NA,419,2005,1,0.000336
1063,,,Technology,2751491,15267,1985,1,0.002241
959,,,Biology,NA,2382,1995,1,0.000336
808,,,Medical,NA,1819,1985,1,0.000336
1191,,,Biology,485550,2762,1995,1,0.000336
1253,,,Medical,NA,2940,1985,1,0.000336
1315,,,Medical,NA,6775,1990,1,0.000336
73,,,Biology,NA,2507,1995,1,0.000336
1378,,,Medical,NA,745,2000,1,0.000336
762,,,Biology,NA,11740,1995,1,0.000336
1330,,,Biology,NA,1639,2000,1,0.000336
683,,,Biology,91585,426,2000,1,0.000336
1084,,,Biology,NA,7905,1975,1,0.000336
21,,,Medical,NA,1684,2005,1,0.000336
969,,,Biology,1524601,1288,2000,1,0.000336
22,,,Biology,NA,1373,2005,1,0.000336
123,,,Medical,NA,1508,2000,1,0.000336
1068,,,Biology,NA,1474,2000,1,0.000336
1017,,,Medical,NA,4587,1990,1,0.000336
288,,,Biology,NA,17474,1985,1,0.000336
1129,,,Medical,NA,8398,1985,1,0.001602
1072,,,Biology,NA,15433,1975,1,0.000954
812,,,Biology,NA,6174,1990,1,0.001185
1073,,,Medical,NA,2779,1995,1,0.001602
1076,,,Biology,NA,9689,1990,1,0.000336
23,,,Medical,NA,3817,2000,1,0.000336
991,,,Biology,NA,16950,1970,1,0.000336
24,,,Biology,NA,3180,2000,1,0.000336
1043,,,Biology,NA,7356,1995,1,0.000336
511,,,Medical,NA,382,2005,1,0.000336
38,,,Medical,NA,1865,1995,1,0.000336
456,,,Medical,NA,1040,2010,1,0.000336
499,,,Medical,NA,757,2010,1,0.000336
91,,,Biology,NA,4361,2005,1,0.000336
1357,,,Medical,NA,873,2005,1,0.000336
743,,,Medical,NA,2537,1995,1,0.000336
665,,,Medical,NA,1568,2000,1,0.000336
25,,,Biology,NA,2267,2005,1,0.000336
1401,,,Medical,NA,1092,2000,1,0.000336
26,,,Biology,NA,290,2005,1,0.000336
771,,,Medical,NA,3018,1990,1,0.000336
1362,,,Biology,NA,886,2000,0,0.000336
27,,,Medical,NA,1622,2000,1,0.000336
556,,,Medical,NA,6706,1995,1,0.000336
285,,,Medical,NA,820,2010,1,0.000336
774,,,Medical,NA,1374,1995,1,0.000336
661,,,Biology,NA,533,2010,1,0.000336
143,,,Medical,NA,1055,2000,1,0.000336
407,,,Medical,NA,650,2010,1,0.000336
693,,,Medical,NA,4360,2000,1,0.000336
276,,,Medical,NA,1721,2000,1,0.000336
28,,,Biology,NA,1362,2005,1,0.000336
677,,,Medical,523861,5984,1990,1,0.000336
748,,,Medical,NA,1203,1995,1,0.001171
839,,,Biology,30116579,5877,1990,1,0.000336
878,,,Biology,NA,4329,1990,1,0.000336
29,,,Biology,NA,1598,2005,1,0.000336
1087,,,Medical,NA,11523,1975,1,0.000336
315,,,Medical,NA,2035,1990,1,0.000336
1277,,,Biology,NA,30290,1980,1,0.000336
832,,,Biology,NA,2731,1990,1,0.001185
733,,,Medical,NA,6431,1990,1,0.000336
678,,,Medical,NA,9186,1985,1,0.000336
1128,,,Medical,NA,13249,1990,1,0.001615
320,,,Biology,NA,8600,1980,1,0.000336
30,,,Biology,NA,629,2005,0,0.000336
134,,,Biology,NA,411,2005,0,0.000336
31,,,Medical,NA,175,2000,0,0.001231
541,,,Medical,NA,11951,1980,1,0.001231
1198,,,Medical,NA,16933,1985,0,0.001231
32,,,Biology,NA,942,2005,1,0.000336
1333,,,Biology,263094,2947,1995,1,0.000336
496,,,Biology,NA,243,2010,0,0.000336
607,,,Medical,6401635,2901,1995,1,0.000336
688,,,Biology,NA,36646,1990,1,0.001212
583,,,Biology,NA,182,2010,0,0.000336
33,,,Medical,NA,2543,1995,0,0.000336
1089,,,Medical,NA,2197,1990,1,0.000336
34,,,Biology,855848,15709,1990,1,0.002241
1055,,,Medical,NA,2911,2000,1,0.000336
35,,,Biology,NA,761,2000,1,0.000336
36,,,Biology,NA,644,2000,0,0.000336
105,,,Biology,NA,463,2005,0,0.000336
1286,,,Biology,NA,5796,1995,1,0.000336
222,,,Biology,27972,375,2005,1,0.000336
37,,,Medical,NA,2063,2005,1,0.001185
1183,,,Biology,NA,5816,1995,1,0.001185
1124,,,Biology,NA,3162,1995,1,0.001185
1318,,,Biology,NA,3878,1990,1,0.000336
50,,,Biology,NA,2136,1995,1,0.001185
51,,,Biology,NA,1806,1995,1,0.000336
1018,,,Medical,NA,4467,1990,1,0.001185
963,,,Biology,NA,2852,2000,1,0.000336
98,,,Biology,NA,13233,1985,1,0.001185
998,,,Biology,NA,13329,1985,1,0.000984
1097,,,Biology,NA,14324,1990,1,0.000984
1105,,,Biology,NA,4693,1995,1,0.000336
1117,,,Biology,NA,3784,1990,0,0.024955
1273,,,Biology,NA,12943,1990,1,0.000336
1106,,,Biology,NA,2955,1995,1,0.001734
332,,,Biology,NA,925,2005,1,0.000336
213,,,Biology,NA,428,2005,1,0.000336
299,,,Biology,NA,2357,2000,1,0.000336
1005,,,Biology,NA,1282,1995,1,0.000954
271,,,Biology,NA,1318,1995,1,0.000336
610,,,Medical,NA,8877,1975,1,0.000336
837,,,Biology,NA,3442,1990,1,0.001185
1200,,,Biology,NA,1156,2000,1,0.001185
656,,,Biology,NA,597,2005,1,0.000336
39,,,Medical,544588,9503,1985,1,0.000336
74,,,Technology,NA,3611,2000,1,0.000336
1331,,,Medical,1946173,39233,1985,1,0.000336
1122,,,Technology,NA,26,2005,1,0.000336
400,,,Biology,6795290,13712,1990,1,0.000336
369,,,Biology,3430040,28674,1980,1,0.000336
441,,,Medical,3457159,1648,1985,1,0.000336
262,,,Medical,10531124,7796,1980,1,0.000336
1206,,,Biology,NA,6473,1990,1,0.000336
40,,,Medical,NA,1793,2005,0,0.000336
1339,,,Medical,NA,2421,1995,1,0.000336
41,,,Technology,NA,3551,2000,1,0.000336
322,,,Biology,NA,24500,1975,1,0.000336
867,,,Medical,NA,11969,1985,1,0.000336
42,,,Biology,NA,192,2005,0,0.000336
527,,,Biology,507956,1227,2005,1,0.000336
378,,,Biology,579320,15888,1990,1,0.000336
43,,,Biology,NA,2502,2005,1,0.000336
169,,,Biology,NA,1826,2005,1,0.000336
1361,,,Medical,NA,8285,1990,1,0.000336
96,,,Medical,NA,1005,1995,1,0.000336
120,,,Biology,NA,1033,2005,1,0.000336
1408,,,Biology,NA,1719,2000,1,0.000336
44,,,Medical,NA,2119,2005,1,0.000336
1176,,,Medical,NA,8097,1995,1,0.000336
569,,,Medical,NA,1374,2010,0,0.000336
501,,,Medical,761101,159,2005,0,0.000336
1216,,,Medical,NA,830,2000,0,0.000336
614,,,Medical,2146314,211,2015,0,0.000336
45,,,Biology,NA,1315,2005,1,0.000336
850,,,Technology,NA,915,2000,1,0.000336
1078,,,Biology,NA,19401,1985,1,0.00101
414,,,Biology,NA,1088,2010,1,0.000336
487,,,Biology,370687,1300,2010,1,0.000336
46,,,Medical,NA,1357,2000,1,0.000336
1065,,,Medical,NA,4245,1990,1,0.000336
1336,,,Medical,NA,2267,1990,1,0.000336
200,,,Medical,NA,6592,1995,1,0.000336
101,,,Biology,NA,7614,1995,1,0.00245
379,,,Biology,1997026,17003,1980,1,0.000336
47,,,Biology,NA,1982,2005,1,0.000336
1035,,,Biology,896999,19495,1975,1,0.000336
48,,,Biology,14741132,8272,1985,1,0.001347
218,,,Biology,10235703,55768,1985,1,0.000336
49,,,Medical,NA,2945,1990,1,0.000336
246,,,Biology,NA,4420,1990,1,0.00101
1268,,,Biology,2616760,33426,2005,1,0.001726
342,,,Biology,69511,3671,1990,1,0.000336
731,,,Biology,NA,5088,2000,1,0.001185
450,,,Medical,NA,2481,1990,1,0.000336
292,,,Medical,NA,4310,1985,1,0.000336
849,,,Biology,NA,6285,2000,1,0.000336
520,,,Technology,NA,2795,2010,1,0.000336
539,,,Biology,NA,1551,1985,1,0.001086
719,,,Biology,NA,2210,1995,1,0.000336
1356,,,Biology,NA,1649,2000,1,0.000336
52,,,Biology,117976,1394,1985,1,0.000336
1009,,,Medical,164483273,37349,1975,1,0.000336
53,,,Medical,4270736,1148,2000,1,0.000336
54,,,Biology,NA,1135,2005,1,0.000336
816,,,Medical,2453942,7248,1980,1,0.000336
321,,,Medical,NA,17233,1990,1,0.000336
55,,,Medical,1548580,9970,1980,1,0.035286
1387,,,Biology,NA,3020,1990,1,0.001086
961,,,Medical,NA,8314,1985,1,0.001734
284,,,Biology,NA,14200,1980,1,0.001086
117,,,Biology,NA,736,2005,1,0.001086
420,,,Biology,NA,6641,1985,1,0.003571
1251,,,Medical,NA,5591,1985,1,0.001086
1257,,,Biology,NA,3561,1995,0,0.001086
946,,,Medical,NA,9344,1990,1,0.001086
999,,,Technology,NA,2311,1985,1,0.001086
99,,,Medical,NA,31993,1980,1,0.001853
751,,,Medical,NA,3821,1995,1,0.001853
530,,,Medical,NA,3527,1995,1,0.001853
932,,,Biology,NA,25662,1980,1,0.001848
939,,,Medical,NA,1745,1980,1,0.001086
868,,,Biology,NA,4917,1990,1,0.001086
773,,,Biology,NA,3273,1985,1,0.001086
294,,,Medical,NA,6939,1990,1,0.001086
1112,,,Medical,NA,5806,1985,1,0.001734
1208,,,Medical,209576,1712,1995,1,0.001086
56,,,Biology,NA,2357,2005,1,0.000336
178,,,Medical,NA,433,2005,1,0.000336
57,,,Medical,NA,949,2005,1,0.000336
764,,,Medical,NA,2637,1990,1,0.000336
1338,,,Biology,NA,505,2000,1,0.000336
958,,,Biology,NA,3344,1980,1,0.000336
557,,,Medical,NA,23716,1985,1,0.000336
58,,,Medical,NA,639,2005,1,0.000336
574,,,Biology,NA,15285,1985,1,0.001615
485,,,Medical,NA,4560,1990,1,0.000336
596,,,Medical,NA,524,1990,0,0.000336
373,,,Biology,NA,28416,1965,1,0.000336
199,,,Medical,NA,2283,1985,1,0.000336
953,,,Medical,NA,2054,2000,1,0.000336
59,,,Medical,NA,8050,1985,1,0.001216
594,,,Biology,NA,1227,2000,1,0.001216
881,,,Biology,NA,4325,1980,1,0.001216
870,,,Medical,NA,5328,1980,1,0.001216
533,,,Medical,NA,5907,1990,1,0.000336
60,,,Medical,NA,1111,2005,1,0.000336
647,,,Technology,NA,20958,1980,1,0.000336
61,,,Medical,NA,1467,1995,1,0.000336
132,,,Technology,NA,724,2005,1,0.000336
532,,,Biology,NA,623,2005,1,0.000336
62,,,Biology,NA,1476,2010,1,0.000336
859,,,Medical,NA,6084,1975,1,0.000336
63,,,Medical,NA,254,2000,1,0.000336
581,,,Medical,NA,378,2005,1,0.000336
897,,,Biology,NA,434,1995,1,0.000336
64,,,Biology,NA,2579,1990,1,0.000336
1247,,,Biology,11422179,8987,1995,1,0.001212
1371,,,Medical,NA,3356,2000,1,0.000336
784,,,Biology,NA,11700,1995,1,0.001171
763,,,Biology,NA,9605,1995,1,0.000336
65,,,Biology,1870465,16255,2000,1,0.000336
1052,,,Medical,4641573,8358,1980,1,0.000336
1177,,,Medical,11200140,5417,1995,1,0.001232
66,,,Biology,NA,10757,1990,0,0.000336
403,,,Biology,NA,3657,2005,1,0.000336
1359,,,Biology,NA,1142,2005,1,0.000336
825,,,Medical,NA,13656,1970,1,0.000336
348,,,Biology,10367609,1223,2005,1,0.000336
1118,,,Biology,NA,15620,1985,1,0.000336
359,,,Biology,NA,925,2000,0,0.000336
1111,,,Biology,NA,15425,1970,1,0.000336
1050,,,Biology,NA,4451,2000,0,0.000336
68,,,Biology,NA,9279,2000,1,0.001615
1036,,,Biology,NA,18250,1985,1,0.001615
1304,,,Medical,NA,6136,2000,1,0.001615
940,,,Biology,NA,20042,1980,1,0.001615
180,,,Medical,NA,6696,1990,1,0.001615
1299,,,Biology,463080,15191,1985,1,0.001615
206,,,Biology,184654,6174,1995,1,0.009251
855,,,Medical,NA,17012,1980,1,0.001615
1016,,,Medical,NA,5020,2000,1,0.001615
1186,,,Biology,NA,5079,1995,1,0.00101
508,,,Biology,NA,3914,2010,1,0.001615
570,,,Biology,NA,3509,2010,0,0.000336
622,,,Biology,NA,1437,2010,0,0.000336
325,,,Biology,NA,1434,2005,1,0.000336
510,,,Biology,NA,1376,2010,0,0.000336
142,,,Biology,NA,541,2000,0,0.000336
474,,,Biology,NA,2651,2010,0,0.000336
69,,,Medical,2019749,10519,1990,1,0.000336
519,,,Medical,NA,984,2010,1,0.000336
463,,,Biology,NA,2291,2000,1,0.000336
1348,,,Biology,NA,5450,1990,1,0.000336
1282,,,Medical,NA,1625,1995,1,0.000336
1011,,,Biology,NA,4436,1985,1,0.000336
1202,,,Medical,NA,23237,1985,1,0.000336
70,,,Medical,NA,117,2000,1,0.000336
1064,,,Medical,NA,690,1995,1,0.001231
906,,,Medical,NA,3946,1980,1,0.001231
1141,,,Biology,NA,365,1995,1,0.000336
437,,,Technology,NA,1383,2005,1,0.000336
710,,,Medical,NA,133,2010,0,0.000336
72,,,Technology,911635,861,1985,1,0.000336
1399,,,Medical,NA,930,2005,1,0.000336
385,,,Medical,NA,6507,1980,1,0.000336
1326,,,Medical,533245,16595,1970,1,0.000336
1354,,,Technology,NA,10471,1990,0,0.000336
75,,,Biology,4523876,3155,2000,1,0.000336
899,,,Medical,553044,34994,1970,1,0.000336
76,,,Biology,NA,1215,2005,1,0.000336
1168,,,Biology,NA,2068,1990,0,0.00101
663,,,Medical,NA,625,2000,1,0.000336
140,,,Medical,1541541,1855,1995,1,0.000336
967,,,Medical,NA,897,1990,1,0.000336
220,,,Medical,1469296,50122,1980,1,0.000336
77,,,Medical,NA,1268,2005,1,0.000336
466,,,Biology,NA,1057,2010,1,0.000336
367,,,Medical,274729,73138,1980,1,0.000336
78,,,Biology,NA,934,2005,1,0.000336
1222,,,Medical,NA,2813,1980,1,0.000336
1133,,,Medical,NA,4484,1975,1,0.000336
79,,,Biology,NA,2538,1980,1,0.000336
997,,,Biology,NA,8706,1970,1,0.000336
80,,,Biology,804260,2557,2005,1,0.000336
81,,,Technology,NA,2028,1995,1,0.000336
845,,,Medical,NA,20593,1995,1,0.001212
365,,,Medical,14189247,56134,1960,1,0.002938
778,,,Biology,17755615,5993,1990,1,0.002109
82,,,Medical,NA,315,2005,0,0.000336
758,,,Medical,NA,5106,1995,0,0.001231
349,,,Medical,NA,2878,2000,0,0.000336
83,,,Medical,NA,1339,1990,0,0.000336
553,,,Medical,NA,3460,1980,1,0.001216
84,,,Medical,NA,1413,1995,0,0.000336
85,,,Biology,2570353,4899,2000,1,0.000336
993,,,Medical,1706080,4705,1985,1,0.000336
86,,,Biology,NA,1236,2000,1,0.000336
226,,,Biology,NA,1417,1995,1,0.000336
649,,,Medical,147287,3711,2000,1,0.000336
370,,,Medical,13368854,24577,1995,1,0.000336
87,,,Medical,NA,3399,1980,0,0.000336
575,,,Medical,NA,2810,2000,1,0.000336
88,,,Biology,NA,5159,1990,1,0.000336
94,,,Biology,NA,13059,1985,1,0.000336
1054,,,Biology,NA,5558,1995,1,0.00101
89,,,Medical,NA,4405,2000,0,0.002241
701,,,Medical,3350,2338,1990,1,0.002241
90,,,Biology,NA,2387,2005,1,0.000336
293,,,Medical,8124338,34800,1980,1,0.001212
592,,,Medical,NA,2231,1990,1,0.000336
1059,,,Medical,NA,2546,1995,1,0.000336
717,,,Biology,NA,1712,1995,1,0.000336
324,,,Biology,NA,2488,1995,1,0.000336
147,,,Biology,NA,1132,2005,1,0.000336
1082,,,Biology,NA,11547,1980,1,0.001213
1134,,,Biology,NA,14744,1975,1,0.001216
1389,,,Medical,NA,15907,1980,1,0.001171
1212,,,Biology,NA,11933,1985,1,0.001185
93,,,Medical,NA,2622,1990,1,0.000336
1152,,,Medical,503942,2375,1985,1,0.000336
615,,,Medical,NA,2694,2000,1,0.000336
914,,,Medical,NA,4513,1985,0,0.000336
323,,,Medical,NA,2399,1995,1,0.000336
303,,,Biology,NA,4027,1980,1,0.001383
163,,,Biology,NA,2183,2005,0,0.000336
602,,,Biology,NA,84942,1995,1,0.000336
95,,,Medical,NA,1918,2005,1,0.001209
1341,,,Biology,NA,2966,2000,1,0.001209
633,,,Medical,NA,379,2010,1,0.001209
182,,,Biology,NA,380,2005,1,0.001975
854,,,Medical,NA,1003,1990,1,0.001209
97,,,Medical,NA,416,2000,0,0.000336
256,,,Medical,NA,1806,1985,0,0.000336
641,,,Medical,NA,5118,1990,0,0.000336
620,,,Medical,NA,651,2010,1,0.000336
133,,,Biology,NA,6896,1985,1,0.000336
298,,,Biology,NA,8386,1980,1,0.000336
1271,,,Biology,NA,4957,1990,1,0.000336
1261,,,Biology,NA,9612,2000,1,0.000336
269,,,Biology,NA,1362,2000,1,0.001185
587,,,Biology,NA,1630,2000,1,0.001185
537,,,Biology,NA,5593,1985,1,0.000336
985,,,Biology,834940,29642,1975,1,0.000336
505,,,Medical,NA,3351,1980,1,0.000336
1188,,,Biology,NA,5415,1980,1,0.000336
927,,,Biology,NA,12592,1980,1,0.000336
522,,,Medical,NA,1172,2005,1,0.000336
1205,,,Medical,NA,8189,1990,1,0.001861
823,,,Medical,NA,1452,1985,0,0.000336
1296,,,Medical,NA,6499,1980,1,0.015315
1066,,,Medical,NA,3811,1995,1,0.001102
902,,,Medical,NA,4602,1995,0,0.000336
834,,,Medical,NA,5110,1980,1,0.000336
1053,,,Biology,NA,14373,1975,1,0.000336
836,,,Medical,NA,8038,1985,0,0.000336
100,,,Medical,NA,8958,1985,1,0.000336
278,,,Biology,NA,509,2010,1,0.000336
861,,,Medical,NA,4648,1985,1,0.000336
1038,,,Biology,NA,4808,1985,1,0.000336
643,,,Medical,NA,3856,1985,1,0.001469
1209,,,Medical,NA,5217,1990,1,0.000336
919,,,Biology,NA,3572,1995,1,0.000336
820,,,Medical,2601017,16633,1985,1,0.000336
1083,,,Biology,11466620,7662,1985,1,0.000336
804,,,Biology,NA,3668,1985,0,0.000336
126,,,Biology,NA,1349,2000,1,0.002051
715,,,Biology,NA,1670,1990,0,0.000336
308,,,Medical,NA,13712,1985,1,0.001171
201,,,Biology,NA,14552,1995,1,0.001171
1071,,,Biology,NA,5659,1995,1,0.00101
736,,,Biology,NA,1915,1995,0,0.00101
397,,,Biology,694230,2379,2000,1,0.00101
102,,,Medical,NA,1730,1995,1,0.001602
1026,,,Medical,NA,4433,1995,0,0.000336
543,,,Medical,NA,5809,1995,1,0.022845
971,,,Medical,NA,13347,1980,1,0.001602
426,,,Medical,NA,5899,1995,1,0.001602
1334,,,Medical,NA,1043,2000,0,0.000336
1123,,,Medical,NA,5950,1980,1,0.000336
402,,,Medical,NA,4338,1990,1,0.001145
879,,,Medical,NA,5363,1985,1,0.000336
793,,,Medical,NA,2742,1985,1,0.000984
492,,,Medical,NA,7396,1990,1,0.000336
1058,,,Medical,NA,1870,1990,0,0.000336
789,,,Medical,NA,1297,1985,1,0.001145
1010,,,Medical,NA,2196,1990,0,0.001231
766,,,Medical,NA,3421,1990,1,0.000336
796,,,Medical,NA,2298,1990,1,0.000336
1047,,,Medical,NA,1822,1995,1,0.001602
1355,,,Medical,NA,976,1990,1,0.001602
783,,,Medical,NA,3507,1990,1,0.001602
1358,,,Medical,NA,849,1995,1,0.001602
1367,,,Medical,NA,1305,1995,1,0.000336
152,,,Medical,NA,144,2005,1,0.000336
149,,,Medical,NA,1136,2005,1,0.000336
103,,,Medical,NA,6152,1990,1,0.000336
442,,,Medical,NA,6507,1990,1,0.000336
1340,,,Medical,NA,4010,1995,1,0.000336
1075,,,Medical,NA,10653,1985,1,0.001792
104,,,Medical,NA,2409,1990,1,0.000336
691,,,Medical,NA,682,2005,1,0.000336
1145,,,Biology,NA,2205,1995,1,0.000336
380,,,Biology,2269104,7986,1980,1,0.000336
106,,,Biology,594412,6561,1985,1,0.000336
108,,,Medical,NA,6515,1995,1,0.000336
109,,,Medical,NA,4488,2005,1,0.000336
155,,,Medical,NA,1887,2005,1,0.000336
392,,,Medical,16787174,21239,1985,1,0.000336
586,,,Medical,NA,8834,2005,1,0.000336
1196,,,Biology,NA,1097,2005,1,0.000336
334,,,Biology,NA,503,2005,1,0.000336
667,,,Medical,NA,446,2010,0,0.000336
858,,,Medical,NA,46767,1980,1,0.000336
547,,,Biology,NA,2749,2000,1,0.002241
697,,,Biology,1266286,1414,2000,1,0.002241
110,,,Biology,NA,1492,2005,1,0.000336
415,,,Medical,NA,814,2010,1,0.000336
111,,,Biology,NA,1064,2005,1,0.000336
1157,,,Biology,NA,3569,2000,1,0.000336
493,,,Medical,NA,150,2010,1,0.000336
112,,,Biology,NA,12886,1980,1,0.000984
1410,,,Medical,NA,880,2000,1,0.000336
1048,,,Biology,NA,969,2000,0,0.000336
1266,,,Biology,NA,1288,1995,0,0.000336
1062,,,Medical,NA,2105,2000,1,0.000336
1227,,,Medical,NA,540,2000,1,0.000984
1213,,,Biology,NA,1136,2000,0,0.001185
863,,,Biology,NA,3437,1990,1,0.000336
264,,,Medical,NA,967,2005,1,0.000336
754,,,Medical,NA,2709,1995,1,0.000336
494,,,Biology,NA,9425,1975,1,0.000336
872,,,Biology,1090519,1059,2000,1,0.000336
896,,,Medical,NA,1411,2000,1,0.000984
314,,,Medical,NA,4105,1985,1,0.000336
1278,,,Technology,NA,5074,1970,1,0.000336
1004,,,Biology,NA,1993,1985,1,0.001185
876,,,Technology,NA,1376,1975,1,0.000336
506,,,Medical,NA,23684,1965,1,0.000954
956,,,Medical,NA,9626,1980,1,0.002051
113,,,Biology,NA,990,2000,1,0.000336
1131,,,Biology,NA,1258,1990,1,0.000336
1392,,,Technology,3483184,1022,1990,1,0.000336
114,,,Biology,228004,1696,2005,0,0.000336
817,,,Biology,NA,1169,2000,0,0.000336
115,,,Biology,NA,1575,2000,1,0.001383
476,,,Biology,NA,15904,1980,1,0.000336
116,,,Biology,NA,867,2005,0,0.001383
1093,,,Biology,NA,4691,1985,1,0.001383
1241,,,Biology,NA,550,2005,0,0.001383
141,,,Medical,NA,7544,1985,1,0.000336
230,,,Biology,NA,311,2005,0,0.001383
707,,,Biology,NA,2310,1990,1,0.001102
118,,,Medical,NA,996,2000,1,0.000336
312,,,Medical,NA,1284,2000,1,0.000336
694,,,Medical,NA,595,2005,0,0.000336
390,,,Technology,NA,10698,2000,1,0.000336
119,,,Technology,NA,895,2000,1,0.000336
145,,,Biology,NA,336,2000,1,0.000336
227,,,Biology,NA,3021,1995,1,0.000336
121,,,Medical,NA,1396,2005,1,0.000336
549,,,Medical,NA,1285,2000,1,0.000336
419,,,Biology,NA,1313,2005,1,0.000336
122,,,Biology,NA,2659,2005,0,0.000336
752,,,Biology,3059837,54456,1990,1,0.000336
124,,,Medical,NA,915,2000,1,0.000336
534,,,Medical,NA,3519,1985,1,0.000336
1090,,,Medical,NA,2328,1990,0,0.000336
168,,,Medical,NA,6653,1975,1,0.000336
1252,,,Biology,NA,9683,1990,1,0.000336
125,,,Medical,NA,9327,1985,1,0.000336
275,,,Biology,NA,1938,2005,1,0.001212
617,,,Biology,NA,6175,1995,1,0.001171
331,,,Medical,10375875,25198,1980,1,0.002241
555,,,Medical,4634785,6932,1990,1,0.002241
928,,,Medical,NA,1596,2000,1,0.000336
721,,,Biology,NA,673,2000,1,0.001171
708,,,Biology,NA,1457,2000,1,0.001216
160,,,Medical,NA,211,2000,1,0.000336
281,,,Medical,NA,7294,1975,1,0.001098
316,,,Medical,NA,2606,1985,1,0.001231
835,,,Biology,NA,1916,1995,1,0.000336
127,,,Medical,NA,12090,2005,1,0.000336
290,,,Medical,4035640,17791,1985,1,0.001212
245,,,Technology,NA,2036,1990,1,0.000336
994,,,Biology,NA,8985,1995,1,0.000336
128,,,Biology,NA,635,2000,0,0.001185
289,,,Biology,NA,2052,1975,1,0.002058
358,,,Biology,NA,655,2010,0,0.001185
129,,,Medical,NA,1456,2005,1,0.000336
467,,,Biology,NA,927,2010,1,0.000336
632,,,Biology,NA,360,2010,1,0.000336
130,,,Biology,NA,1555,2005,1,0.000336
327,,,Biology,NA,1266,2005,1,0.000336
826,,,Medical,NA,6171,1995,1,0.001555
131,,,Biology,9076591,10723,1990,1,0.000336
1366,,,Technology,13659964,18447,1990,1,0.001363
1007,,,Biology,NA,76154,1975,1,0.000336
630,,,Biology,NA,501,2005,1,0.000336
1144,,,Medical,NA,14485,1995,1,0.000336
662,,,Medical,NA,409,2005,1,0.000336
889,,,Biology,NA,10302,1985,1,0.000336
989,,,Biology,NA,4076,1995,1,0.000336
727,,,Biology,NA,1378,2000,1,0.001185
1003,,,Biology,NA,8193,1980,1,0.000336
544,,,Medical,NA,12469,1985,1,0.001102
319,,,Biology,NA,6590,1980,1,0.000336
391,,,Biology,38168622,40475,1980,1,0.001555
1029,,,Biology,NA,3886,1980,1,0.000336
136,,,Medical,NA,1509,2000,0,0.001911
1081,,,Medical,NA,2399,2000,0,0.001911
562,,,Medical,NA,5510,1985,1,0.000336
1199,,,Medical,NA,1529,1995,1,0.001102
335,,,Medical,NA,278,2005,0,0.001145
979,,,Medical,NA,3358,1995,1,0.001231
840,,,Medical,NA,2640,2000,0,0.000336
307,,,Medical,NA,7761,1975,1,0.000336
137,,,Biology,NA,460,2005,0,0.000336
813,,,Biology,NA,3372,1985,0,0.000336
138,,,Biology,NA,509,2005,0,0.000336
248,,,Biology,NA,985,2000,0,0.000336
608,,,Medical,NA,175,2010,1,0.000336
670,,,Medical,NA,1140,2000,1,0.000336
1291,,,Biology,NA,1369,2000,0,0.000336
144,,,Medical,NA,3638,2000,0,0.001308
1028,,,Biology,NA,5357,1990,1,0.000984
975,,,Medical,1998498,10311,1995,1,0.000336
362,,,Biology,17528908,7952,2000,1,0.001363
250,,,Medical,86532584,2309,1990,1,0.000336
1024,,,Medical,NA,4859,1990,1,0.000336
148,,,Medical,4753224,678,2005,1,0.000336
565,,,Biology,NA,9843,1985,1,0.000336
1230,,,Medical,1766444,28501,1970,1,0.001212
161,,,Medical,NA,751,2005,1,0.000336
333,,,Biology,NA,1107,1995,1,0.000336
150,,,Biology,NA,3237,1980,1,0.000336
1037,,,Biology,NA,2818,1990,1,0.000336
411,,,Biology,NA,1269,1995,0,0.000336
1246,,,Biology,NA,5968,1995,1,0.000336
301,,,Biology,NA,10130,1975,1,0.000336
151,,,Biology,NA,3773,1990,1,0.000336
179,,,Medical,NA,2298,2000,1,0.002241
266,,,Medical,NA,1506,2000,1,0.000336
966,,,Biology,NA,1272,2005,1,0.000336
516,,,Biology,NA,578,2005,0,0.000336
1297,,,Medical,NA,696,1985,1,0.000336
153,,,Medical,NA,669,2005,1,0.001102
444,,,Medical,NA,1795,2005,0,0.000336
1032,,,Biology,NA,14244,1975,1,0.001102
154,,,Biology,NA,384,2000,1,0.000336
866,,,Medical,NA,1156,1995,1,0.000336
338,,,Technology,NA,4288,1985,1,0.000336
300,,,Medical,NA,1137,2000,0,0.000336
156,,,Biology,1617894,4982,2000,1,0.000336
1020,,,Biology,NA,4987,1995,1,0.000336
890,,,Medical,53379,14660,1985,1,0.000336
157,,,Medical,NA,385,2000,1,0.000336
158,,,Medical,NA,448,1990,0,0.000336
159,,,Medical,NA,1484,2005,1,0.000336
1159,,,Biology,NA,9867,1990,1,0.000336
410,,,Medical,NA,1520,2000,0,0.000336
162,,,Biology,NA,1404,2005,1,0.000336
255,,,Biology,NA,2819,2000,1,0.000336
164,,,Biology,NA,3929,2000,1,0.000336
435,,,Medical,NA,2791,2010,1,0.000336
611,,,Technology,2744145,54668,1970,1,0.000336
468,,,Biology,NA,810,2010,1,0.000336
165,,,Medical,NA,4197,2005,1,0.000336
1349,,,Biology,NA,2387,2005,1,0.001212
525,,,Biology,NA,1005,2005,1,0.000336
231,,,Medical,NA,12416,2005,1,0.000336
453,,,Medical,NA,777,2010,0,0.000336
166,,,Medical,956873,345,2005,1,0.000336
223,,,Biology,NA,9157,1985,1,0.000336
167,,,Technology,NA,1394,2005,0,0.000336
1284,,,Technology,NA,801,2010,0,0.000336
901,,,Biology,NA,2444,1995,1,0.000336
933,,,Medical,NA,6244,1975,1,0.000336
1154,,,Medical,NA,3536,1985,1,0.001145
170,,,Biology,NA,902,2005,1,0.000336
188,,,Biology,NA,482,2000,0,0.000336
1275,,,Medical,NA,5349,1985,1,0.000336
171,,,Medical,34986,6487,1970,1,0.000336
1015,,,Biology,6781312,26093,1975,1,0.000336
841,,,Medical,NA,875,2000,0,0.000336
172,,,Biology,NA,309,2005,1,0.000336
234,,,Medical,NA,1130,2005,1,0.000336
173,,,Medical,NA,768,2005,0,0.000336
865,,,Medical,NA,3027,1995,1,0.000336
174,,,Medical,NA,612,2000,1,0.000336
384,,,Medical,280159,8070,1985,1,0.000336
175,,,Biology,NA,711,2005,0,0.000336
176,,,Technology,NA,31404,1980,1,0.000336
1391,,,Biology,NA,3750,2000,1,0.001212
760,,,Biology,NA,3870,2000,1,0.001212
851,,,Biology,NA,7925,1995,1,0.001212
198,,,Biology,NA,14775,1995,1,0.000336
853,,,Medical,NA,2537,1985,1,0.000336
698,,,Biology,NA,28,2015,1,0.000336
181,,,Technology,NA,73,2005,0,0.000336
579,,,Technology,NA,910,1990,0,0.000336
1153,,,Biology,NA,1963,1980,1,0.001102
183,,,Biology,NA,329,2005,0,0.000336
957,,,Biology,NA,4750,1995,0,0.000336
184,,,Biology,13012481,6023,1990,1,0.000336
609,,,Technology,NA,4905,1985,1,0.000336
588,,,Technology,NA,564,2000,1,0.000336
1223,,,Medical,NA,301,2000,0,0.000336
376,,,Biology,48958,6665,1990,1,0.000336
187,,,Medical,NA,8574,1990,1,0.000336
447,,,Biology,NA,488,2010,1,0.000336
775,,,Biology,NA,2947,1990,1,0.000336
189,,,Biology,2409866,8729,1980,1,0.000336
903,,,Medical,NA,1981,1990,1,0.000336
190,,,Biology,NA,1944,2000,0,0.000336
1325,,,Biology,391000,4404,1985,0,0.000336
191,,,Medical,NA,12715,1985,1,0.000336
192,,,Medical,NA,294,2005,0,0.000336
559,,,Medical,NA,439,2010,1,0.000336
873,,,Biology,NA,2918,1990,1,0.000984
302,,,Medical,NA,13937,1975,1,0.004479
712,,,Medical,NA,3264,1985,1,0.001213
194,,,Medical,NA,350,2005,1,0.000336
593,,,Medical,NA,1910,1995,1,0.000336
443,,,Medical,NA,660,2010,1,0.000336
195,,,Biology,5786471,4852,1980,1,0.000336
196,,,Medical,NA,791,2000,0,0.000336
197,,,Technology,NA,3729,1990,1,0.000336
375,,,Biology,5601667,11805,1980,1,0.000336
753,,,Biology,NA,886,1995,0,0.001171
490,,,Biology,3497928,4914,2000,1,0.000336
552,,,Technology,NA,297,2005,1,0.000336
273,,,Technology,109684,350,2005,1,0.000336
1160,,,Medical,NA,1751,1995,0,0.000336
1243,,,Medical,NA,3053,1990,1,0.000336
1319,,,Medical,NA,6180,1985,1,0.000336
1374,,,Medical,NA,2103,2005,1,0.001171
730,,,Biology,NA,7392,2000,1,0.001171
964,,,Biology,662053,6408,1975,1,0.001171
1272,,,Biology,21979279,8474,1970,1,0.000336
202,,,Biology,NA,15058,1995,1,0.000336
799,,,Medical,2205910,7791,1995,1,0.000336
910,,,Medical,41700620,9243,1990,1,0.000336
203,,,Biology,19389432,8878,1985,1,0.000336
204,,,Biology,861072,14451,1980,1,0.001212
205,,,Biology,NA,10974,1985,1,0.000336
965,,,Medical,NA,5996,1995,1,0.001308
1077,,,Biology,NA,3023,2000,1,0.000336
1263,,,Medical,NA,442,2000,1,0.002241
639,,,Medical,297276,3271,2005,1,0.000336
207,,,Medical,NA,7358,1995,1,0.000336
401,,,Medical,187636,4038,1990,1,0.000336
208,,,Medical,NA,1797,1990,1,0.001555
449,,,Biology,NA,2120,1990,1,0.001555
1091,,,Biology,NA,1316,1995,1,0.001555
209,,,Medical,608585,876,2000,0,0.000336
210,,,Medical,NA,3698,1985,0,0.000336
1329,,,Medical,NA,3378,1980,1,0.000336
211,,,Medical,NA,953,2005,1,0.002241
1228,,,Biology,NA,29272,1985,1,0.000336
214,,,Medical,339615,29254,1990,1,0.000336
951,,,Biology,903305,6778,1980,1,0.000336
1000,,,Biology,NA,10923,1985,1,0.000336
987,,,Biology,32753130,39012,1980,1,0.000336
291,,,Medical,NA,91623,1975,1,0.000336
895,,,Biology,NA,9762,1975,1,0.000336
215,,,Biology,NA,17592,1990,1,0.008245
612,,,Medical,NA,5223,2000,1,0.002109
1406,,,Biology,NA,27797,1990,1,0.001213
1060,,,Biology,NA,20251,1975,1,0.001213
917,,,Medical,NA,11829,1985,1,0.001213
216,,,Biology,41985,9983,1990,0,0.000336
339,,,Biology,368838,8506,1990,0,0.000336
831,,,Biology,NA,5028,1990,1,0.000336
217,,,Medical,211055,383,2000,0,0.000336
1260,,,Medical,NA,888,2000,0,0.000336
1292,,,Biology,1710092,34293,1985,1,0.000336
1396,,,Medical,4075888,1535,2000,1,0.000336
1100,,,Medical,NA,3994,1980,1,0.000336
986,,,Medical,NA,5619,1995,1,0.000336
484,,,Biology,1712434,8626,1995,1,0.000336
219,,,Technology,NA,15,2010,1,0.000336
700,,,Medical,NA,1539,1995,1,0.000336
1317,,,Technology,NA,7580,1990,1,0.000336
580,,,Biology,16556373,12691,1980,1,0.000336
1382,,,Medical,201841,9363,1985,1,0.000336
1351,,,Medical,NA,1836,1995,1,0.000336
1101,,,Biology,NA,502,2000,1,0.000336
221,,,Biology,828007,15761,1980,1,0.00101
1323,,,Biology,2541305,4441,1990,1,0.000336
498,,,Medical,4999281,10254,1985,1,0.000336
936,,,Biology,NA,39964,1970,1,0.000336
1380,,,Biology,2027005,2891,2000,0,0.00101
627,,,Biology,NA,1422,1995,1,0.000336
1400,,,Medical,NA,588,2005,1,0.000336
439,,,Medical,NA,596,2005,1,0.000336
224,,,Medical,NA,13941,1970,1,0.000336
409,,,Biology,2709669,2680,2000,1,0.000336
1046,,,Biology,16362854,10420,1995,1,0.000336
803,,,Medical,11650199,13359,1995,1,0.000336
310,,,Biology,NA,16684,1975,1,0.001212
225,,,Medical,NA,4591,1995,0,0.000336
346,,,Technology,NA,212,2005,1,0.000336
687,,,Technology,NA,566,2010,1,0.000336
228,,,Biology,9368547,14639,1990,1,0.002241
1262,,,Medical,1665774,4766,1985,1,0.000336
229,,,Medical,3134813,685,2005,1,0.000336
507,,,Medical,NA,254,2005,1,0.000336
434,,,Biology,NA,2457,2005,1,0.000336
243,,,Biology,NA,674,2005,1,0.000336
1022,,,Biology,NA,8560,1975,1,0.000336
1409,,,Biology,NA,962,2000,1,0.000336
232,,,Medical,NA,933,2005,1,0.000336
874,,,Biology,17879808,14612,1985,1,0.000336
233,,,Medical,NA,397,2005,1,0.000336
827,,,Biology,NA,4296,1990,1,0.001232
235,,,Medical,NA,323,2005,1,0.000336
807,,,Biology,NA,4985,1980,1,0.000336
236,,,Technology,NA,1350,2005,1,0.000336
1207,,,Medical,25571253,1184,2000,1,0.000336
374,,,Biology,12506995,25985,1985,1,0.000336
237,,,Medical,NA,45,2010,1,0.000336
1108,,,Medical,NA,458,2000,1,0.000336
1151,,,Biology,738701,2903,2000,1,0.000336
1067,,,Medical,NA,1483,2005,1,0.000336
239,,,Biology,NA,244,2005,0,0.000336
1298,,,Biology,NA,4871,1980,0,0.000336
605,,,Biology,NA,2732,1995,0,0.000336
1335,,,Biology,NA,1314,2000,0,0.000336
240,,,Medical,NA,2041,2005,1,0.000336
1138,,,Medical,NA,3772,1990,1,0.000336
1322,,,Biology,NA,4433,1990,1,0.000336
241,,,Medical,NA,717,2005,0,0.000336
679,,,Medical,NA,444,2010,0,0.000336
604,,,Medical,NA,311,2010,0,0.000336
242,,,Biology,NA,706,2005,0,0.000336
925,,,Biology,NA,2459,2000,0,0.000336
926,,,Biology,265948,15350,1970,0,0.000336
244,,,Medical,3980541,3448,1985,1,0.000336
513,,,Biology,NA,284,2010,1,0.000336
247,,,Biology,NA,1253,2000,0,0.000336
267,,,Biology,NA,4997,2005,0,0.000336
249,,,Biology,NA,26049,1970,1,0.001212
938,,,Biology,NA,9206,1985,1,0.000336
909,,,Medical,1242378,32477,2000,1,0.000336
801,,,Biology,NA,3989,1985,1,0.000336
705,,,Medical,NA,2127,1995,1,0.000336
735,,,Medical,NA,3216,1995,1,0.000336
880,,,Medical,NA,4592,1965,1,0.000336
394,,,Technology,4189251,6052,1980,1,0.000336
259,,,Medical,2292592,3324,1995,1,0.000336
251,,,Medical,NA,374,2005,0,0.000336
515,,,Medical,NA,4538,2005,1,0.000336
252,,,Medical,1932472,669,2000,1,0.000336
253,,,Biology,9152164,11040,1985,1,0.000336
254,,,Biology,NA,4297,1995,1,0.000336
806,,,Biology,NA,3262,1990,1,0.000336
720,,,Biology,NA,2890,1995,1,0.000336
257,,,Medical,NA,585,2005,1,0.000336
258,,,Medical,3847488,4321,1985,1,0.000336
382,,,Biology,585988,378,2000,1,0.000336
260,,,Biology,NA,3717,1995,1,0.00101
706,,,Biology,NA,2916,1985,1,0.00101
1201,,,Biology,NA,892,2000,0,0.00101
427,,,Biology,NA,373,2005,0,0.00101
326,,,Biology,969054,423,2005,0,0.00101
1280,,,Medical,NA,3045,1990,1,0.000336
263,,,Medical,NA,1846,2005,1,0.000336
265,,,Medical,217870,557,2005,0,0.000336
1321,,,Medical,692039,1330,1995,1,0.000336
600,,,Biology,NA,1039,2005,1,0.000336
268,,,Medical,NA,623,2005,1,0.000336
582,,,Medical,NA,1750,1995,1,0.000336
635,,,Biology,NA,146,2005,1,0.000336
1085,,,Medical,2138055,4179,1990,1,0.000336
1042,,,Medical,NA,6805,1990,1,0.000336
1189,,,Biology,20966033,1863,1995,1,0.001185
1294,,,Medical,NA,2862,2000,1,0.000336
272,,,Medical,NA,1613,2000,1,0.000336
282,,,Biology,NA,22058,1980,1,0.000336
741,,,Medical,NA,1920,1995,0,0.000336
1265,,,Medical,NA,2820,1995,1,0.000336
900,,,Biology,NA,13141,1975,1,0.000336
564,,,Medical,NA,244,2010,1,0.000336
732,,,Medical,NA,3640,1990,1,0.001171
1276,,,Medical,NA,1294,2000,1,0.000336
277,,,Medical,NA,268,2000,1,0.000336
1175,,,Medical,NA,561,1995,0,0.000336
750,,,Medical,NA,1024,1995,1,0.000336
448,,,Biology,NA,776,2005,1,0.000336
279,,,Technology,NA,348,2005,1,0.000336
405,,,Technology,NA,279,2010,1,0.000336
280,,,Biology,210752,23029,1975,1,0.000336
846,,,Biology,NA,7837,1980,0,0.000336
1254,,,Biology,NA,14771,1985,1,0.000336
283,,,Medical,NA,6070,1975,1,0.000336
545,,,Medical,NA,3825,1990,1,0.000336
877,,,Biology,NA,8538,1970,0,0.000336
313,,,Medical,NA,9798,1975,1,0.000336
844,,,Biology,NA,5968,1990,1,0.000336
1211,,,Medical,NA,2827,1980,1,0.000336
1180,,,Medical,NA,5017,1990,1,0.000336
296,,,Biology,NA,34478,1970,1,0.000336
286,,,Medical,NA,805,1990,1,0.000336
1248,,,Medical,NA,2353,1975,0,0.000336
1195,,,Biology,NA,2917,2000,1,0.000336
843,,,Biology,550526,9465,1970,1,0.000336
1033,,,Medical,NA,4980,1985,1,0.001102
330,,,Biology,NA,3336,1970,0,0.000336
1070,,,Biology,NA,2839,1985,1,0.000336
408,,,Medical,NA,2397,1990,1,0.000336
1221,,,Medical,16052,11045,1975,1,0.000336
1115,,,Medical,NA,3378,1995,0,0.000336
654,,,Medical,NA,404,2005,0,0.000336
772,,,Biology,NA,8674,1990,1,0.000336
540,,,Medical,NA,3156,1985,1,0.001231
337,,,Medical,NA,3309,1980,1,0.000336
295,,,Medical,12128,1720,1975,1,0.000336
1158,,,Biology,NA,3105,1990,0,0.000336
1165,,,Biology,NA,4207,1990,1,0.000336
1182,,,Biology,NA,9243,1980,1,0.000336
521,,,Biology,NA,4389,1995,1,0.000336
1169,,,Biology,NA,6363,1970,1,0.000336
423,,,Biology,NA,3124,1985,1,0.000336
883,,,Medical,NA,4913,1990,1,0.001102
821,,,Biology,NA,5469,1975,1,0.000336
1044,,,Medical,NA,10345,1985,1,0.001231
1140,,,Biology,NA,2285,1995,1,0.000336
560,,,Medical,NA,7374,1970,1,0.000336
1130,,,Biology,NA,17615,1990,1,0.000336
1185,,,Medical,NA,6011,1990,0,0.000336
1166,,,Biology,NA,256,2000,1,0.000336
328,,,Biology,NA,1860,1995,1,0.001095
317,,,Biology,NA,4987,1980,1,0.000336
304,,,Biology,NA,4372,1995,1,0.000336
955,,,Biology,NA,2858,1985,1,0.000336
929,,,Biology,NA,6415,1980,1,0.000336
436,,,Biology,NA,661,2005,0,0.000336
305,,,Biology,NA,1733,2005,1,0.000336
1220,,,Technology,NA,10076,1995,1,0.000336
306,,,Medical,NA,537,2005,1,0.000336
462,,,Biology,NA,83,2010,1,0.000336
1384,,,Technology,NA,2183,2000,1,0.000336
629,,,Medical,426085,2005,1995,1,0.000336
658,,,Medical,NA,4509,1985,0,0.000336
1287,,,Medical,NA,2676,1995,0,0.000336
882,,,Medical,NA,9166,1980,1,0.000336
1110,,,Biology,NA,3435,1995,0,0.000336
995,,,Technology,3548340,1669,1985,1,0.000336
311,,,Medical,NA,1068,2000,1,0.000984
782,,,Biology,NA,8887,1980,1,0.000336
491,,,Biology,NA,5089,1990,1,0.000336
779,,,Medical,NA,702,2000,0,0.000336
682,,,Medical,NA,527,2005,1,0.000336
631,,,Medical,NA,1082,2010,1,0.000336
1193,,,Biology,NA,808,2000,1,0.000336
669,,,Biology,NA,84,2015,0,0.000336
618,,,Technology,NA,523,1995,1,0.000336
360,,,Biology,NA,66,2005,1,0.000336
329,,,Biology,8818763,12580,2005,0,0.000336
785,,,Biology,NA,4923,1985,0,0.000336
888,,,Biology,NA,30863,1985,1,0.000336
1132,,,Biology,NA,3329,1985,1,0.001185
1074,,,Medical,NA,3306,1985,1,0.001602
1137,,,Biology,NA,2140,1985,1,0.001098
336,,,Medical,NA,2563,1980,1,0.000336
745,,,Medical,NA,795,2000,1,0.000336
340,,,Medical,252908,983,1970,0,0.000336
341,,,Technology,NA,1506,2000,1,0.000336
383,,,Biology,480312,1501,2005,1,0.000336
343,,,Biology,NA,1964,2000,1,0.000336
344,,,Biology,NA,781,2000,1,0.009308
500,,,Biology,NA,255,2005,1,0.000336
558,,,Biology,413510,1665,2000,1,0.001185
350,,,Biology,NA,1508,2005,1,0.000336
591,,,Medical,NA,848,2005,1,0.000336
351,,,Medical,NA,926,2010,0,0.000336
352,,,Biology,NA,625,2005,1,0.000336
546,,,Medical,NA,526,2010,1,0.000336
353,,,Technology,687372,324,2005,0,0.000336
517,,,Technology,NA,149,2010,0,0.000336
354,,,Biology,2154263,4328,1995,1,0.000336
1279,,,Biology,454255,810,2000,0,0.000336
1405,,,Medical,21787760,30542,1985,1,0.001726
357,,,Medical,NA,380,2005,0,0.000336
818,,,Biology,NA,2335,2000,0,0.000336
1039,,,Biology,1400353,2390,2000,0,0.000336
361,,,Medical,NA,502,2005,1,0.000336
529,,,Medical,NA,259,2010,1,0.000336
1363,,,Medical,NA,621,2005,1,0.000336
404,,,Medical,NA,3623,2000,0,0.000336
1104,,,Medical,NA,12077,2000,1,0.000336
978,,,Medical,NA,47885,1985,1,0.000336
1402,,,Technology,564205,11826,1990,1,0.000336
974,,,Medical,NA,19990,1985,1,0.000336
1303,,,Biology,NA,850,2000,1,0.000336
589,,,Medical,316947,1567,1995,1,0.000336
1006,,,Biology,NA,1774,1995,1,0.000336
798,,,Medical,NA,10431,1995,1,0.000336
472,,,Medical,NA,2112,2000,1,0.000336
366,,,Medical,4298056,3360,1990,1,0.000336
619,,,Medical,12643771,4900,1995,0,0.000336
1012,,,Biology,NA,3114,2000,1,0.000336
1242,,,Medical,2087427,15147,1985,1,0.000336
461,,,Technology,NA,1130,2010,1,0.000336
368,,,Technology,NA,1302,2000,1,0.000336
454,,,Technology,NA,262,2010,1,0.000336
1344,,,Biology,NA,572,2000,1,0.000336
621,,,Technology,NA,181,2010,1,0.000336
1295,,,Technology,NA,212,2000,1,0.000336
550,,,Medical,NA,817,2000,1,0.000336
1172,,,Medical,338696,2663,1995,0,0.000336
696,,,Biology,177065,22055,1995,1,0.000336
1125,,,Biology,NA,1162,1990,1,0.000336
514,,,Medical,4836897,2649,2005,0,0.000336
495,,,Biology,NA,626,2005,1,0.000336
1049,,,Biology,NA,945,1990,1,0.000336
1285,,,Biology,2028866,11454,1990,1,0.000336
489,,,Medical,39727834,592,2005,0,0.000336
1346,,,Biology,2353892,3338,1995,1,0.000336
1300,,,Medical,NA,2137,1985,1,0.000336
1324,,,Medical,15031037,9031,1980,1,0.000336
372,,,Biology,NA,2097,1995,1,0.000336
788,,,Biology,NA,684,1985,1,0.001231
1192,,,Medical,NA,19169,1985,1,0.000336
1312,,,Medical,394768,10426,1975,1,0.000336
524,,,Medical,NA,7446,1980,1,0.000336
399,,,Biology,2078028,7200,1985,1,0.000336
857,,,Biology,NA,6554,1990,1,0.000336
1239,,,Biology,NA,3210,1975,1,0.000336
381,,,Biology,16471036,5029,2000,1,0.000336
842,,,Medical,NA,5731,1985,1,0.000336
1369,,,Biology,NA,8531,1990,1,0.000336
1288,,,Medical,7216566,747,1990,1,0.000336
387,,,Biology,4172229,2869,1985,0,0.000336
623,,,Biology,8735234,1029,1995,1,0.000336
651,,,Biology,34267,952,2005,1,0.000336
1250,,,Technology,453898,8271,1985,1,0.000336
1364,,,Technology,NA,434,2005,0,0.000336
1305,,,Biology,NA,827,1995,1,0.000336
1088,,,Biology,NA,1349,1995,1,0.000336
554,,,Medical,2372766,276,2000,1,0.000336
1235,,,Biology,NA,1159,2000,0,0.000336
1365,,,Medical,NA,2703,1975,1,0.000336
1231,,,Medical,NA,2480,2000,1,0.000336
1197,,,Biology,169976,7488,1995,1,0.000336
976,,,Medical,NA,854,2005,0,0.000336
704,,,Biology,23439382,11971,2010,1,0.000336
1403,,,Medical,9205981,2997,1990,1,0.000336
1218,,,Biology,11353241,2237,1990,1,0.000336
395,,,Technology,NA,2518,1990,0,0.001469
616,,,Technology,NA,4001,1990,0,0.001469
1014,,,Medical,NA,5632,2000,1,0.000336
1308,,,Biology,4031439,3786,1985,1,0.000336
1135,,,Medical,NA,3569,1985,1,0.000336
1281,,,Biology,115434,5015,1980,1,0.000336
930,,,Medical,NA,594,1990,1,0.000336
1274,,,Biology,NA,2935,1995,1,0.000336
767,,,Medical,NA,6265,1990,0,0.001145
1368,,,Biology,NA,2076,2000,0,0.000336
412,,,Biology,NA,151,2000,1,0.000336
413,,,Medical,920285,1345,2010,1,0.000336
943,,,Biology,4167283,29705,1995,1,0.000336
644,,,Biology,NA,2796,1995,1,0.000336
416,,,Biology,NA,233,2010,1,0.000336
1019,,,Medical,NA,517,1990,1,0.000336
417,,,Biology,1124239,950,2000,0,0.000336
1232,,,Biology,NA,1926,1995,0,0.000336
418,,,Medical,NA,259,2010,0,0.000336
1249,,,Medical,NA,770,2000,0,0.000336
1148,,,Medical,NA,1421,1985,0,0.000336
1236,,,Biology,NA,4589,1990,1,0.000336
1313,,,Medical,NA,4075,2000,1,0.000336
422,,,Medical,NA,2892,1985,1,0.000336
1126,,,Biology,NA,9485,1980,1,0.000336
424,,,Medical,NA,579,2000,1,0.000336
659,,,Medical,NA,102,2010,1,0.000336
1306,,,Biology,NA,12752,1990,1,0.000336
428,,,Medical,NA,219,2000,1,0.000336
599,,,Biology,NA,763,2000,1,0.000336
430,,,Biology,NA,1429,2005,1,0.000336
1225,,,Biology,NA,2283,1990,1,0.000336
431,,,Medical,NA,2617,1970,0,0.000336
432,,,Biology,462952,1131,1995,1,0.001555
433,,,Medical,NA,895,2000,0,0.000336
1164,,,Medical,140499,216,2000,0,0.000336
981,,,Medical,NA,50071,1965,1,0.000336
838,,,Biology,NA,4614,1995,0,0.000336
759,,,Medical,NA,4938,2000,1,0.000336
438,,,Medical,NA,246,2010,0,0.000336
440,,,Technology,NA,393,2010,0,0.000336
723,,,Biology,24648742,2174,2000,1,0.000336
1107,,,Medical,NA,1759,2000,1,0.000336
445,,,Medical,NA,903,2010,1,0.000336
598,,,Medical,NA,410,2005,0,0.000336
446,,,Biology,NA,717,2010,1,0.000336
885,,,Medical,NA,3478,2000,1,0.000336
451,,,Medical,NA,388,2005,1,0.000336
1120,,,Medical,NA,4556,1995,1,0.000336
452,,,Biology,NA,252,2010,1,0.000336
1204,,,Biology,NA,7184,1980,1,0.000336
692,,,Biology,NA,783,2000,1,0.000336
685,,,Medical,NA,973,1990,1,0.000336
455,,,Biology,NA,1187,2000,1,0.000336
718,,,Biology,NA,525,2000,1,0.000336
458,,,Biology,463893,1855,1995,1,0.000336
1309,,,Medical,878723,6326,1990,1,0.000336
459,,,Biology,327423,187,2010,0,0.007386
460,,,Medical,NA,678,2010,1,0.000336
488,,,Technology,NA,546,2010,1,0.000336
464,,,Medical,NA,675,2010,1,0.000336
465,,,Biology,NA,450,2010,0,0.000336
960,,,Biology,552650,1596,2000,0,0.000336
891,,,Biology,NA,4425,1985,0,0.000336
469,,,Medical,NA,2656,2000,0,0.000336
686,,,Medical,8334011,430,2000,0,0.000336
471,,,Biology,332438,567,2005,0,0.000336
1353,,,Biology,1518132,1678,2000,0,0.000336
473,,,Technology,NA,112,2010,1,0.000336
1190,,,Medical,NA,1591,1995,1,0.000336
477,,,Medical,NA,1220,2005,0,0.000336
709,,,Medical,NA,10761,1990,0,0.000336
478,,,Biology,NA,769,2010,0,0.000336
724,,,Biology,NA,2193,2000,0,0.000336
479,,,Medical,5078015,793,2010,0,0.000336
480,,,Medical,NA,483,2010,1,0.000336
481,,,Biology,NA,399,2010,1,0.000336
802,,,Biology,NA,7462,1995,1,0.000336
1345,,,Biology,NA,1928,2000,0,0.000336
482,,,Biology,2855051,15843,1990,1,0.004299
483,,,Technology,NA,4366,1990,1,0.000336
568,,,Medical,NA,205,2010,1,0.000336
1226,,,Biology,NA,10303,1975,1,0.000336
486,,,Biology,NA,1200,1980,0,0.000336
1086,,,Biology,NA,3640,1975,0,0.000336
548,,,Biology,8380080,341,2010,0,0.000336
502,,,Technology,NA,421,2000,0,0.000336
503,,,Medical,NA,953,2000,1,0.000336
650,,,Biology,NA,614,2000,1,0.002241
504,,,Technology,NA,7041,1980,1,0.000336
509,,,Biology,739555,4454,1980,1,0.000336
1342,,,Medical,NA,7843,1980,1,0.000336
980,,,Biology,NA,11766,1980,0,0.000336
657,,,Medical,19436946,214,2010,1,0.002241
518,,,Biology,NA,565,2010,0,0.000336
566,,,Medical,2526186,2829,1995,0,0.001102
1214,,,Medical,NA,3032,1985,0,0.000336
1256,,,Medical,NA,6927,1985,1,0.000336
526,,,Biology,NA,276,2005,1,0.000336
1360,,,Biology,NA,385,2005,1,0.000336
528,,,Medical,716008,701,2010,0,0.000336
1163,,,Medical,NA,1620,2000,1,0.000336
531,,,Medical,NA,1139,2000,1,0.000336
1155,,,Medical,NA,742,2000,0,0.000336
535,,,Medical,NA,1217,2005,0,0.000336
536,,,Medical,NA,337,2005,0,0.000336
905,,,Biology,NA,1687,2000,0,0.000336
776,,,Medical,NA,1590,2000,0,0.001231
1238,,,Medical,NA,1200,1995,1,0.000336
1269,,,Biology,NA,2033,1975,1,0.000336
606,,,Medical,664125,1036,2005,1,0.000336
702,,,Medical,18040285,2055,2000,1,0.000336
1394,,,Medical,NA,891,2005,0,0.000336
1320,,,Biology,NA,4847,1995,1,0.000336
1187,,,Biology,NA,2012,1980,1,0.000336
973,,,Biology,NA,12917,1975,1,0.000336
561,,,Medical,NA,1054,1995,0,0.001145
572,,,Medical,NA,407,2000,0,0.000336
563,,,Medical,NA,1876,2005,1,0.000336
972,,,Technology,417063,56926,1985,1,0.000336
567,,,Medical,NA,710,2000,0,0.000336
646,,,Medical,NA,2176,1990,0,0.000336
1139,,,Medical,NA,2246,1990,0,0.000336
860,,,Medical,NA,2162,1980,0,0.000336
1337,,,Medical,NA,1040,2000,0,0.000336
780,,,Medical,NA,1572,1985,1,0.000336
684,,,Medical,NA,986,2000,0,0.000336
571,,,Medical,NA,388,2005,0,0.000336
573,,,Biology,9534205,15986,1995,0,0.000336
1025,,,Biology,NA,18943,1970,1,0.000336
576,,,Biology,NA,4037,1995,1,0.000336
795,,,Medical,NA,576,2005,1,0.000336
637,,,Medical,NA,7241,1995,1,0.000336
577,,,Biology,NA,982,1995,0,0.000336
578,,,Medical,NA,953,2005,1,0.000336
1080,,,Biology,3252477,1261,2000,1,0.000336
584,,,Biology,NA,1021,2005,0,0.000336
613,,,Biology,NA,3251,1985,0,0.000336
585,,,Medical,NA,3386,2000,1,0.000336
1127,,,Biology,NA,3353,1990,1,0.000336
590,,,Technology,667974,5367,1990,1,0.000336
660,,,Medical,1332900,408,2010,0,0.000336
791,,,Biology,NA,2234,2000,1,0.000336
674,,,Medical,NA,2631,2005,1,0.000336
935,,,Biology,13077820,11334,1985,1,0.000336
912,,,Biology,NA,3131,1995,0,0.000336
597,,,Biology,NA,3987,1970,1,0.000336
852,,,Medical,NA,2897,1990,1,0.000336
601,,,Medical,2461927,22032,1995,1,0.000336
915,,,Technology,21942550,4075,1990,1,0.000336
1381,,,Biology,28728270,754,2005,1,0.000336
1376,,,Medical,2122045,3503,2000,1,0.000336
1259,,,Biology,11385556,23568,1980,0,0.000336
603,,,Biology,NA,1103,2000,1,0.000336
703,,,Medical,NA,349,2005,1,0.000336
640,,,Medical,NA,346,2005,0,0.000336
1174,,,Medical,NA,610,1980,0,0.000336
1173,,,Medical,NA,651,2000,0,0.000336
947,,,Technology,2734573,11008,1975,1,0.000336
1045,,,Medical,NA,6147,1990,1,0.000336
624,,,Medical,NA,4168,1990,1,0.014728
625,,,Medical,9566715,235,2005,0,0.000336
626,,,Medical,NA,1589,1990,1,0.000336
628,,,Biology,NA,29,2005,0,0.000336
777,,,Biology,NA,972,1995,0,0.000336
1136,,,Biology,826949,19284,1990,1,0.000336
636,,,Medical,NA,185,2010,0,0.000336
638,,,Biology,NA,209,2015,0,0.000336
642,,,Biology,NA,2112,1995,1,0.000336
886,,,Biology,NA,8413,1990,1,0.000336
652,,,Biology,56038,2609,1980,1,0.000336
653,,,Medical,NA,5025,1995,1,0.000336
1171,,,Biology,3822958,7255,1995,1,0.000336
1233,,,Technology,NA,5864,1995,1,0.000336
1393,,,Medical,NA,1136,1995,0,0.000336
668,,,Medical,NA,118,2010,0,0.000336
672,,,Medical,688791,1869,1995,1,0.000336
1343,,,Medical,23618319,436,2000,1,0.000336
675,,,Technology,NA,1766,2000,1,0.004299
676,,,Biology,NA,4022,1985,1,0.008555
680,,,Medical,NA,3168,2005,1,0.00327
681,,,Biology,NA,2120,1985,1,0.003625
737,,,Biology,NA,7855,2000,1,0.000336
689,,,Biology,NA,483,1985,0,0.000336
1332,,,Biology,11492576,11729,1980,0,0.000336
690,,,Medical,872981,1580,2005,0,0.000336
695,,,Biology,1377487,695,2005,1,0.002241
699,,,Medical,NA,9300,1985,1,0.000336
711,,,Technology,NA,3499,2000,1,0.005328
713,,,Technology,NA,601,2005,0,0.002241
714,,,Biology,NA,737,1980,1,0.002241
716,,,Biology,NA,3230,2010,1,0.006158
722,,,Technology,NA,1742,2000,1,0.000336
920,,,Biology,NA,2747,1975,1,0.000336
725,,,Medical,NA,1448,2000,1,0.0109
924,,,Medical,NA,2380,1990,0,0.001602
728,,,Biology,NA,710,1995,0,0.000336
729,,,Medical,NA,1330,1995,0,0.000336
1375,,,Medical,NA,1044,2000,0,0.000336
805,,,Medical,NA,1190,1995,1,0.000336
734,,,Biology,NA,5052,1995,1,0.000336
1146,,,Medical,NA,1183,2000,0,0.000336
1373,,,Biology,NA,2592,2000,1,0.000336
740,,,Biology,NA,827,2000,0,0.000336
742,,,Biology,NA,1059,1995,0,0.000336
1041,,,Biology,59158341,4684,1985,1,0.000336
744,,,Medical,NA,1244,1995,1,0.000336
937,,,Biology,NA,2289,2000,1,0.000336
934,,,Medical,NA,8647,1965,1,0.000336
1161,,,Biology,NA,1009,2000,1,0.000984
747,,,Biology,NA,674,1995,0,0.000336
749,,,Biology,232278,2804,1995,1,0.000336
921,,,Medical,NA,1322,1995,1,0.000336
792,,,Biology,NA,3010,1995,0,0.000336
952,,,Biology,3858275,8814,1995,0,0.000336
755,,,Biology,167460,2740,1995,1,0.000336
756,,,Biology,NA,7262,1985,1,0.000336
757,,,Technology,NA,4249,1995,1,0.000336
1245,,,Biology,NA,3872,1980,0,0.000336
761,,,Medical,NA,4309,1985,1,0.000336
1267,,,Biology,NA,13903,1975,1,0.000336
1102,,,Medical,4859012,5291,1990,1,0.000336
983,,,Medical,NA,10643,1995,1,0.000336
765,,,Medical,NA,3207,1995,0,0.000336
1057,,,Medical,NA,7385,1990,0,0.000336
768,,,Medical,NA,3466,1995,1,0.000336
1056,,,Medical,NA,1700,1990,0,0.000336
769,,,Biology,NA,1766,1995,0,0.000336
833,,,Biology,NA,9668,1960,0,0.000336
922,,,Biology,NA,1877,1990,1,0.000336
770,,,Biology,NA,5190,1995,0,0.000336
1370,,,Biology,NA,1417,2005,0,0.000336
781,,,Medical,NA,1309,1990,1,0.000336
800,,,Biology,NA,4551,1985,1,0.000336
786,,,Biology,912711,7944,1980,1,0.000336
787,,,Technology,29106290,14336,1995,1,0.000336
790,,,Biology,NA,34560,1975,1,0.005267
949,,,Biology,NA,6434,1995,0,0.001232
797,,,Biology,NA,2479,1985,1,0.001171
894,,,Technology,NA,22656,1985,1,0.000336
1079,,,Biology,NA,1354,1995,0,0.000336
1178,,,Medical,NA,7102,1975,1,0.000336
810,,,Biology,NA,2889,1990,0,0.000336
811,,,Biology,3636993,3340,1995,1,0.000336
1051,,,Medical,NA,2711,1975,1,0.000336
815,,,Biology,3655061,10456,1990,1,0.000336
829,,,Biology,NA,6645,1990,0,0.000336
819,,,Medical,NA,3419,1990,0,0.000336
822,,,Medical,NA,3730,1985,1,0.000336
824,,,Biology,1067753,2199,1995,0,0.000336
1162,,,Biology,NA,1620,2000,1,0.000336
1095,,,Biology,2733272,2240,1985,1,0.000336
864,,,Biology,NA,1989,1995,1,0.000336
945,,,Biology,NA,1750,2000,1,0.000336
828,,,Medical,NA,3303,1980,1,0.000336
1114,,,Medical,NA,436,2000,0,0.000336
1170,,,Medical,NA,6655,1965,1,0.000336
1386,,,Biology,NA,685,2005,0,0.000336
1147,,,Biology,14480,6702,1980,0,0.000336
1293,,,Biology,NA,3297,1990,0,0.000336
1352,,,Biology,NA,1424,2000,1,0.000336
847,,,Biology,NA,1973,1970,0,0.000336
893,,,Biology,NA,1566,1970,0,0.000336
1179,,,Biology,NA,1478,1990,0,0.000336
1377,,,Biology,NA,1920,1990,0,0.000336
848,,,Medical,NA,1268,1985,1,0.000336
856,,,Technology,450496,2433,1975,1,0.000336
1217,,,Medical,586898,9035,1990,1,0.000336
1395,,,Medical,8871117,1188,2000,0,0.000336
871,,,Biology,215015,3143,1985,0,0.000336
923,,,Medical,NA,5139,1975,1,0.000336
875,,,Biology,2785888,20434,1980,1,0.000336
913,,,Biology,NA,4443,1980,1,0.000336
884,,,Technology,6335310,8100,1975,0,0.000336
887,,,Biology,NA,3620,1985,0,0.000336
892,,,Medical,NA,1261,1995,0,0.000336
1103,,,Medical,1731414,2602,1990,1,0.000336
907,,,Biology,NA,3158,1985,0,0.000336
1030,,,Biology,NA,898,2000,0,0.000336
911,,,Medical,3486866,2766,1985,1,0.000336
1040,,,Technology,558966,7229,1995,1,0.000336
1119,,,Medical,NA,2493,1990,1,0.000336
918,,,Biology,NA,20822,1985,0,0.000336
1113,,,Medical,NA,1898,1990,1,0.000336
931,,,Biology,NA,12040,1975,1,0.000336
944,,,Medical,NA,5447,1995,1,0.000336
996,,,Biology,14777104,15407,1965,0,0.000336
1210,,,Technology,NA,6120,1985,1,0.000336
942,,,Biology,NA,1535,1990,1,0.000336
948,,,Biology,28653203,17297,1975,0,0.000336
1237,,,Technology,NA,2303,1990,1,0.000336
968,,,Biology,624326,5969,1975,1,0.000336
992,,,Medical,20376903,4293,1995,0,0.000336
984,,,Biology,8630612,2643,1995,0,0.000336
988,,,Medical,NA,2814,1980,1,0.000336
1397,,,Technology,2011997,2485,1995,1,0.000336
1301,,,Biology,NA,3246,1995,0,0.000336
1229,,,Biology,119218,5355,1985,0,0.000336
1347,,,Biology,NA,1651,2005,0,0.000336
1069,,,Medical,NA,8701,1980,1,0.000336
1034,,,Medical,NA,13555,1980,1,0.000336
1383,,,Biology,NA,1604,2000,1,0.000336
1109,,,Technology,NA,17472,1985,1,0.000336
1240,,,Medical,NA,2589,1990,1,0.000336
1379,,,Biology,NA,1771,2000,1,0.000336
1385,,,Technology,NA,2393,2000,1,0.000336
1092,,,Technology,1012797,2951,1995,0,0.000336
1096,,,Biology,2823501,1566,1995,0,0.000336
1307,,,Biology,1669060,4570,1990,0,0.000336
1098,,,Technology,NA,32,2005,0,0.000336
1149,,,Biology,NA,1322,1995,1,0.000336
1116,,,Biology,NA,9468,1970,0,0.000336
1142,,,Medical,NA,2499,1980,0,0.000336
1143,,,Medical,NA,4529,2000,0,0.000336
1156,,,Biology,NA,7196,1975,0,0.000336
1283,,,Biology,110165,2649,1980,1,0.000336
1167,,,Technology,15039342,2464,1985,0,0.000336
1289,,,Medical,2817078,2401,1990,0,0.000336
1184,,,Medical,240966,6569,1990,1,0.015703
1316,,,Medical,6686454,4867,1985,1,0.000336
1203,,,Biology,NA,7103,1995,1,0.023771
1215,,,Medical,NA,13019,1980,1,0.000336
1372,,,Medical,137597,1331,2000,1,0.000336
1255,,,Biology,16197879,12304,1985,1,0.004754
1258,,,Biology,NA,13205,1985,0,0.000336
1270,,,Biology,456008,7667,1980,1,0.000336
1290,,,Medical,NA,4383,1990,0,0.000336
1310,,,Medical,NA,1116,1980,1,0.000336
1311,,,Biology,NA,574,2005,0,0.000336
1404,,,Technology,NA,794,2000,1,0.000336
1411,,,Biology,NA,801,2005,1,0.000336
1328,,,Medical,1362429,5350,1985,0,0.000336
1390,,,Biology,3756790,4396,2005,1,0.000336
1407,,,Biology,NA,5974,2005,1,0.01751
185,,,Biology,2113677,2184,2000,0,0.000336
